{"cameraMode":{"drawMode":0,"name":"Shaded","section":"Shading Mode"},"sceneLighting":true,"audioPlay":false,"sceneViewState":{"m_AlwaysRefresh":false,"showFog":true,"showSkybox":true,"showFlares":true,"showImageEffects":true,"showParticleSystems":true,"showVisualEffectGraphs":true,"m_FxEnabled":true},"in2DMode":false,"pivot":{"x":-1.1211013793945313,"y":2.453411102294922,"z":-7.2468414306640629},"rotation":{"x":0.24643418192863465,"y":0.0043613482266664509,"z":-0.0011079146061092616,"w":0.9691542983055115},"size":12.219937324523926,"orthographic":false}