{"cameraMode":{"drawMode":0,"name":"Shaded","section":"Shading Mode"},"sceneLighting":false,"audioPlay":false,"sceneViewState":{"m_AlwaysRefresh":false,"showFog":true,"showSkybox":false,"showFlares":true,"showImageEffects":true,"showParticleSystems":true,"showVisualEffectGraphs":true,"m_FxEnabled":true},"in2DMode":false,"pivot":{"x":-14.220000267028809,"y":2.2100000381469728,"z":-16.979999542236329},"rotation":{"x":0.04915938898921013,"y":0.11361443996429444,"z":-0.005627264268696308,"w":0.992296576499939},"size":0.17320546507835389,"orthographic":false}